{
	"distributions": {
		"en": {
			"A": 0.08166999999999999,
			"B": 0.01492,
			"C": 0.02782,
			"D": 0.04253,
			"E": 0.12702,
			"F": 0.02228,
			"G": 0.02015,
			"H": 0.06094,
			"I": 0.06966,
			"J": 0.00153,
			"K": 0.00772,
			"L": 0.04025,
			"M": 0.02406,
			"N": 0.06749,
			"O": 0.07507,
			"P": 0.01929,
			"Q": 0.00095,
			"R": 0.05987,
			"S": 0.06326999999999999,
			"T": 0.09055999999999999,
			"U": 0.02758,
			"V": 0.00978,
			"W": 0.0236,
			"X": 0.0015,
			"Y": 0.01974,
			"Z": 0.00074
		},
		"de": {
			"A": 0.06006747755610298,
			"B": 0.021480751022701076,
			"C": 0.02690098045267034,
			"D": 0.04718213692968217,
			"E": 0.16006126564976017,
			"F": 0.01832370985088152,
			"G": 0.030642574473069853,
			"H": 0.042497859392926864,
			"I": 0.0775260064727909,
			"J": 0.0029781210962553095,
			"K": 0.015368289869114121,
			"L": 0.037871919602380094,
			"M": 0.027983071687424053,
			"N": 0.09660807711575944,
			"O": 0.02684120226744482,
			"P": 0.010497044213748022,
			"Q": 0.00028290313222323083,
			"R": 0.0773776107609727,
			"S": 0.06343960325004398,
			"T": 0.06369307135570962,
			"U": 0.03820994445085628,
			"V": 0.009188013843153897,
			"W": 0.01427541865836305,
			"X": 0.0005170913070805932,
			"Y": 0.001079873606449885,
			"Z": 0.012376156151003681,
			"\u00c4": 0.005489485937432639,
			"\u00d6": 0.0026981985918461526,
			"\u00dc": 0.00683595538116842,
			"\u00df": 0.0017061859209841286
		}
	},
	"crypto": {
		"alpha": [ "ABCDEFGHIJKLMNOPQRSTUVWXYZ" ],
		"math": [ "≪∅∆∇∈∀∫≍≎≏⊕⊖⊗⊘⊙⊚⊛⊜⊝⊞⊟⊠⊡⊢⊣⊰⊱⊲⊳⊴⊵⊶⊷⊸⊹⋇⋈⋉⋊⋋⋌⋍⋎⋏⋐⋑" ],
		"graph": [ "╱╲╳▢▣▤▽▷△◁◆◇◈◉◌◍◎●◐◑◒◓◢◣◤◥◧◨◩◪" ],
		"zodiac": [ "♈♉♊♋♌♍♎♏♐♑♒♓" ],
		"chess": [ "♔♕♖♗♘♙♚♛♜♝♞♟" ],
		"runes": [ "ᚠᚡᚢᚣᚤᚥᚦᚧᚨᚩᚪᚫᚬᚭᚮᚯᚰᚱᚲᚳᚴᚵᚶᚷᚸᚹᚺᚻᚼᚽᚾᚿᛀᛁᛂᛃᛄᛅᛆᛇᛈᛉᛊᛋᛌᛍᛎᛏᛐᛑᛒᛓᛔᛕᛖᛗᛘᛙᛚᛛᛜᛝᛞᛟᛠᛡᛢᛣᛤᛥᛦᛧᛨᛩᛪ" ]
	}
}
